{
    "prepare_queue": {
        "installed": [],
        "uninstalled": []
    },
    "config_munge": {
        "files": {
            "config.xml": {
                "parents": {
                    "/*": [
                        {
                            "xml": "<feature name=\"Camera\"><param name=\"browser-package\" value=\"Camera\" /></feature>",
                            "count": 1
                        }
                    ]
                }
            }
        }
    },
    "installed_plugins": {
        "cordova-plugin-compat": {
            "PACKAGE_NAME": "lukeokane"
        },
        "cordova-plugin-camera": {
            "PACKAGE_NAME": "lukeokane"
        },
        "cordova-plugin-barcodescanner": {
            "PACKAGE_NAME": "lukeokane"
        },
        "cordova-plugin-insomnia": {
            "PACKAGE_NAME": "lukeokane"
        },
        "cordova-plugin-whitelist": {
            "PACKAGE_NAME": "lukeokane"
        }
    },
    "dependent_plugins": {},
    "modules": [
        {
            "file": "plugins/cordova-plugin-camera/www/CameraConstants.js",
            "id": "cordova-plugin-camera.Camera",
            "pluginId": "cordova-plugin-camera",
            "clobbers": [
                "Camera"
            ]
        },
        {
            "file": "plugins/cordova-plugin-camera/www/CameraPopoverOptions.js",
            "id": "cordova-plugin-camera.CameraPopoverOptions",
            "pluginId": "cordova-plugin-camera",
            "clobbers": [
                "CameraPopoverOptions"
            ]
        },
        {
            "file": "plugins/cordova-plugin-camera/www/Camera.js",
            "id": "cordova-plugin-camera.camera",
            "pluginId": "cordova-plugin-camera",
            "clobbers": [
                "navigator.camera"
            ]
        },
        {
            "file": "plugins/cordova-plugin-camera/src/browser/CameraProxy.js",
            "id": "cordova-plugin-camera.CameraProxy",
            "pluginId": "cordova-plugin-camera",
            "runs": true
        },
        {
            "file": "plugins/cordova-plugin-barcodescanner/www/barcodescanner.js",
            "id": "cordova-plugin-barcodescanner.BarcodeScanner",
            "pluginId": "cordova-plugin-barcodescanner",
            "clobbers": [
                "cordova.plugins.barcodeScanner"
            ]
        },
        {
            "file": "plugins/cordova-plugin-insomnia/www/Insomnia.js",
            "id": "cordova-plugin-insomnia.Insomnia",
            "pluginId": "cordova-plugin-insomnia",
            "clobbers": [
                "window.plugins.insomnia"
            ]
        },
        {
            "file": "plugins/cordova-plugin-insomnia/src/browser/Insomnia.js",
            "id": "cordova-plugin-insomnia.InsomniaProxy",
            "pluginId": "cordova-plugin-insomnia",
            "merges": [
                "window.plugins.insomnia"
            ]
        }
    ],
    "plugin_metadata": {
        "cordova-plugin-compat": "1.1.0",
        "cordova-plugin-camera": "2.3.1",
        "cordova-plugin-barcodescanner": "0.7.0",
        "cordova-plugin-insomnia": "4.3.0",
        "cordova-plugin-whitelist": "1.3.1"
    }
}